relative_time_bin,variant,variant_label,samples,overall_mae,valence_mae,arousal_mae,overall_mse,valence_r,arousal_r,valence_ccc,arousal_ccc
0,global_constant,Global constant,640,14.615625,17.4359375,11.7953125,669.6890625,nan,nan,0.0,0.0
0,video_identity,Video identity,640,45.534375,54.3234375,36.7453125,3008.3640625,0.2329832920134038,0.25934705298651434,0.16269491731588032,0.21708405099712613
0,video_time,Video--time prior,640,13.4015625,15.0609375,11.7421875,629.2703125,0.3311720663442946,0.25262988236951583,0.18459808678532616,0.04006067605194829
0,physiology,Physiological branch,640,15.69453125,17.4921875,13.896875,640.29453125,0.20027953475040663,0.04452490339308125,0.06693948103640258,0.017561873581411327
0,fixed_fusion,Fixed fusion,640,13.453125,15.059375,11.846875,629.9734375,0.33189070594977244,0.24356508492699733,0.1843659593953237,0.03641943430909815
1,global_constant,Global constant,608,32.35361842105263,34.19736842105263,30.50986842105263,1840.2417763157894,nan,nan,0.0,0.0
1,video_identity,Video identity,608,39.91611842105263,43.3125,36.51973684210526,2586.3634868421054,0.6039009119731362,0.378948570870685,0.5071281265222652,0.37174984661759386
1,video_time,Video--time prior,608,25.64144736842105,23.601973684210527,27.68092105263158,1168.0805921052631,0.6422357191638167,0.421581172339828,0.5740351471772919,0.24611959728172514
1,physiology,Physiological branch,608,31.51233552631579,31.917763157894736,31.106907894736842,1716.1488486842106,0.2482568881244377,-0.009331927820135224,0.06890907603592175,-0.002511642796733211
1,fixed_fusion,Fixed fusion,608,25.757401315789473,23.60361842105263,27.911184210526315,1177.5123355263158,0.6419406888972036,0.4173551057294983,0.5711662805620715,0.22776321150246429
2,global_constant,Global constant,616,38.499188311688314,39.57305194805195,37.425324675324674,2163.6030844155844,nan,nan,0.0,0.0
2,video_identity,Video identity,616,33.1875,33.67045454545455,32.70454545454545,2040.010551948052,0.7599496014645195,0.4527721036032915,0.6947790819037388,0.43406430806537377
2,video_time,Video--time prior,616,24.0137987012987,20.628246753246753,27.399350649350648,998.726461038961,0.8129142345739678,0.5395890343390448,0.8113045309672285,0.46519272125726663
2,physiology,Physiological branch,616,37.32548701298701,37.496753246753244,37.15422077922078,2060.8563311688313,0.1110117010600053,-0.05982986973448476,0.03437427162421159,-0.016534163413765686
2,fixed_fusion,Fixed fusion,616,24.142857142857142,20.579545454545453,27.70616883116883,1001.8441558441558,0.8129309228020112,0.5363935447911959,0.8108643948336794,0.4411507658528383
3,global_constant,Global constant,612,44.95424836601307,48.09803921568628,41.810457516339866,2747.468954248366,nan,nan,0.0,0.0
3,video_identity,Video identity,612,27.313725490196077,26.326797385620914,28.30065359477124,1368.312091503268,0.8620585124673082,0.6187695561161757,0.8482347545998455,0.6041669802293542
3,video_time,Video--time prior,612,24.408496732026144,22.69607843137255,26.12091503267974,1122.1650326797385,0.8692111147796076,0.6324422941918956,0.8654253542246994,0.6100129393764001
3,physiology,Physiological branch,612,43.56699346405229,46.06535947712418,41.068627450980394,2638.3366013071895,0.18719321563898753,0.023207453544113254,0.05097481834154257,0.006279517013416042
3,fixed_fusion,Fixed fusion,612,24.33823529411765,22.5718954248366,26.104575163398692,1100.7450980392157,0.8688847522530114,0.6330432818909153,0.8652115206011725,0.5964148203060584
4,global_constant,Global constant,615,49.707317073170735,54.15772357723577,45.25691056910569,3150.60162601626,nan,nan,0.0,0.0
4,video_identity,Video identity,615,26.552845528455286,24.115447154471546,28.990243902439026,1333.3528455284552,0.8728904875461537,0.6443611794551874,0.8693242136921098,0.6305682877150443
4,video_time,Video--time prior,615,26.41951219512195,23.673170731707316,29.165853658536584,1347.5138211382114,0.8751779303847357,0.6405517400866187,0.8721084534257619,0.6266425873709521
4,physiology,Physiological branch,615,47.24552845528455,51.06341463414634,43.427642276422766,2927.6276422764226,0.27829414787155377,0.19864956139116882,0.07842304348971094,0.05610392933515932
4,fixed_fusion,Fixed fusion,615,26.133333333333333,23.497560975609755,28.76910569105691,1299.4260162601627,0.8753977272553488,0.6425056329409129,0.8729470868692568,0.6195616571495414
5,global_constant,Global constant,613,52.23246329526917,56.168026101141926,48.296900489396414,3379.8800978792824,nan,nan,0.0,0.0
5,video_identity,Video identity,613,28.912724306688418,25.499184339314844,32.32626427406199,1518.8654159869495,0.8551199573851883,0.6221202147270785,0.8538115038795283,0.6021921666549056
5,video_time,Video--time prior,613,29.294453507340947,25.818923327895597,32.7699836867863,1580.6696574225123,0.8601636915346328,0.6265921340560492,0.856740647108191,0.6156373412665486
5,physiology,Physiological branch,613,49.784665579119086,53.566068515497555,46.00326264274062,3204.522022838499,0.24448261167051286,0.11809554908311293,0.06961152291995647,0.032107991588691556
5,fixed_fusion,Fixed fusion,613,28.977977161500817,25.611745513866232,32.3442088091354,1518.0513866231647,0.8598187389335608,0.6280904146397301,0.8569916152075508,0.6103699452463319
6,global_constant,Global constant,619,52.54523424878837,55.663974151857836,49.4264943457189,3530.2722132471727,nan,nan,0.0,0.0
6,video_identity,Video identity,619,32.365912762520196,27.78998384491115,36.941841680129244,1821.1882067851373,0.833435677000589,0.5527951659334285,0.8319749090118458,0.5285740016515423
6,video_time,Video--time prior,619,33.178513731825525,28.48788368336026,37.86914378029079,1922.1445880452343,0.8405863929290728,0.5675132185025092,0.8365363604690198,0.5560344646332858
6,physiology,Physiological branch,619,50.31421647819063,53.39418416801293,47.23424878836833,3408.3836833602586,0.18427604391101238,0.08963477624744288,0.05551345310994625,0.025972229298173003
6,fixed_fusion,Fixed fusion,619,32.623586429725364,28.339256865912763,36.90791599353796,1839.7172859450727,0.8399075662083186,0.569077311212051,0.8365392498877774,0.551757482793643
7,global_constant,Global constant,609,53.05418719211823,56.972085385878486,49.13628899835796,3638.998357963875,nan,nan,0.0,0.0
7,video_identity,Video identity,609,32.39244663382594,28.72906403940887,36.05582922824302,1764.0131362889983,0.836922230756637,0.5780195680833679,0.8367345582923758,0.5583554085483068
7,video_time,Video--time prior,609,34.09688013136289,30.151067323481115,38.04269293924467,1936.0525451559934,0.8416338091889656,0.58369823507627,0.8375319872629939,0.5783295994594635
7,physiology,Physiological branch,609,50.95566502463054,54.83087027914614,47.08045977011494,3512.4679802955666,0.18024297630629385,0.09962878289332307,0.051349414456749794,0.028321334345540163
7,fixed_fusion,Fixed fusion,609,33.36371100164204,29.87192118226601,36.85550082101806,1850.6182266009853,0.8418055443100927,0.5839308073403262,0.8384525992912454,0.5737649447984791
8,global_constant,Global constant,615,54.291056910569104,57.78373983739837,50.798373983739836,3822.8943089430895,nan,nan,0.0,0.0
8,video_identity,Video identity,615,33.708943089430896,30.951219512195124,36.46666666666667,2020.6829268292684,0.7855006624248563,0.5960350539100042,0.7833971126746347,0.5720345696660466
8,video_time,Video--time prior,615,35.19593495934959,31.983739837398375,38.40813008130081,2133.9731707317073,0.7941453390269498,0.6107835885815084,0.7911718126268077,0.6023323184768593
8,physiology,Physiological branch,615,52.14878048780488,54.96910569105691,49.328455284552845,3686.9569105691057,0.2424001993821017,0.10071159203381906,0.06279080499558766,0.025639095888984432
8,fixed_fusion,Fixed fusion,615,34.447967479674794,31.70569105691057,37.19024390243902,2062.366666666667,0.7941815293218766,0.6109334735390646,0.7918503844889925,0.5949789917979117
9,global_constant,Global constant,596,52.435402684563755,55.988255033557046,48.88255033557047,3778.8095637583892,nan,nan,0.0,0.0
9,video_identity,Video identity,596,33.272651006711406,29.94463087248322,36.600671140939596,1824.1417785234898,0.8203145054198994,0.6140090612975896,0.8157591009297681,0.5873400268639202
9,video_time,Video--time prior,596,35.578859060402685,31.959731543624162,39.19798657718121,2058.0620805369126,0.8258715543760987,0.6295610663685727,0.8185350983241092,0.6152208077874016
9,physiology,Physiological branch,596,50.20637583892618,53.36744966442953,47.04530201342282,3603.9010067114095,0.31338583997876635,0.11650812680995339,0.08157287303177702,0.029941721629040848
9,fixed_fusion,Fixed fusion,596,34.8003355704698,31.746644295302012,37.854026845637584,1972.489932885906,0.8254875472262366,0.6297940010688785,0.8191329804428645,0.6108853391839056
