video,variant,variant_label,samples,overall_mae,valence_mae,arousal_mae,overall_mse,valence_r,arousal_r,valence_ccc,arousal_ccc
1,global_constant,Global constant,539,35.688311688311686,38.07421150278293,33.30241187384045,1901.5528756957328,nan,nan,0.0,0.0
1,video_identity,Video identity,539,46.716141001855284,32.30797773654916,61.12430426716141,3058.7068645640074,nan,nan,0.0,0.0
1,video_time,Video--time prior,539,40.131725417439704,30.72356215213358,49.539888682745826,2681.569573283859,0.08999265332430548,0.016821687078331666,0.05284085964367761,0.007027304891383936
1,physiology,Physiological branch,539,31.642857142857142,33.28014842300556,30.00556586270872,1523.1660482374768,0.3768599621750372,0.5589505467450062,0.14165893541784824,0.20096956378083702
1,fixed_fusion,Fixed fusion,539,39.34879406307978,30.758812615955474,47.93877551020408,2529.812615955473,0.09076383373925456,0.03652203956307226,0.05302343613655548,0.015058544829528411
2,global_constant,Global constant,548,49.144160583941606,51.01642335766423,47.27189781021898,3793.6715328467153,nan,nan,0.0,0.0
2,video_identity,Video identity,548,46.66970802919708,57.666058394160586,35.67335766423358,3381.355839416058,nan,nan,0.0,0.0
2,video_time,Video--time prior,548,31.75,35.10401459854015,28.395985401459853,1781.9872262773722,0.6011482971489038,0.5567007769970681,0.5291990016088655,0.469112276282623
2,physiology,Physiological branch,548,53.96897810218978,56.191605839416056,51.746350364963504,4488.928832116789,-0.39657717953322347,-0.2806646541203575,-0.06474018471555111,-0.04535498226220288
2,fixed_fusion,Fixed fusion,548,31.93978102189781,35.02372262773723,28.855839416058394,1767.007299270073,0.6005758782637093,0.5547365247091307,0.5294468193963294,0.44594185299310163
3,global_constant,Global constant,360,66.23194444444445,75.25555555555556,57.208333333333336,5933.2763888888885,nan,nan,0.0,0.0
3,video_identity,Video identity,360,37.326388888888886,44.06111111111111,30.591666666666665,2616.9430555555555,nan,nan,0.0,0.0
3,video_time,Video--time prior,360,25.729166666666668,27.716666666666665,23.741666666666667,1185.201388888889,0.7377981541571099,0.6487765392478441,0.6613874813894465,0.568336471867026
3,physiology,Physiological branch,360,67.60833333333333,76.67777777777778,58.53888888888889,6060.891666666666,0.039157380443318096,0.1834166530596177,0.0025523110496945556,0.013487559069327339
3,fixed_fusion,Fixed fusion,360,25.759722222222223,27.613888888888887,23.905555555555555,1219.6430555555555,0.7382159931700145,0.6486480337394039,0.6624734068997985,0.5248819761407856
4,global_constant,Global constant,316,59.960443037974684,56.24683544303797,63.674050632911396,4075.15664556962,nan,nan,0.0,0.0
4,video_identity,Video identity,316,18.207278481012658,23.829113924050635,12.585443037974683,733.5522151898734,nan,nan,0.0,0.0
4,video_time,Video--time prior,316,18.438291139240505,21.354430379746834,15.522151898734178,573.1851265822785,0.5741889343369652,0.5720515795124985,0.4680366984761148,0.5517319821064037
4,physiology,Physiological branch,316,54.04588607594937,48.93987341772152,59.151898734177216,3429.7262658227846,0.07096670321945416,0.17855265901546866,0.010610085344418593,0.014333323328109455
4,fixed_fusion,Fixed fusion,316,17.90981012658228,20.943037974683545,14.876582278481013,561.8876582278481,0.5733150395224392,0.5718699843547344,0.47344362697840914,0.5337044672585929
5,global_constant,Global constant,540,42.63611111111111,45.644444444444446,39.62777777777778,2249.6564814814815,nan,nan,0.0,0.0
5,video_identity,Video identity,540,32.33611111111111,17.392592592592592,47.27962962962963,1982.3712962962964,nan,nan,0.0,0.0
5,video_time,Video--time prior,540,31.64537037037037,19.366666666666667,43.92407407407408,1876.539814814815,0.3048417402180756,0.020159254955335864,0.23940449145004306,0.009999307830658508
5,physiology,Physiological branch,540,42.68425925925926,41.272222222222226,44.096296296296295,2332.425,-0.2884785832946095,-0.7529567635441333,-0.03812852991145521,-0.19362524584478122
5,fixed_fusion,Fixed fusion,540,31.55648148148148,19.501851851851853,43.611111111111114,1802.4916666666666,0.30413030653661866,-0.0037650149176579207,0.23506503113420335,-0.0018168568153178763
6,global_constant,Global constant,372,35.44758064516129,39.94892473118279,30.946236559139784,1901.3319892473119,nan,nan,0.0,0.0
6,video_identity,Video identity,372,27.899193548387096,24.852150537634408,30.946236559139784,1303.4368279569892,nan,nan,0.0,0.0
6,video_time,Video--time prior,372,26.297043010752688,18.760752688172044,33.833333333333336,1255.111559139785,0.6592634084301316,0.15221592329913974,0.6479472447644922,0.06650606670206936
6,physiology,Physiological branch,372,38.34139784946237,47.52150537634409,29.161290322580644,2181.185483870968,-0.20633238069766666,0.2639654273805921,-0.039599224405944856,0.09762699366783002
6,fixed_fusion,Fixed fusion,372,25.969086021505376,18.68548387096774,33.25268817204301,1218.2916666666667,0.6582041777760861,0.1640650261801846,0.6469095878837575,0.06890174671714393
7,global_constant,Global constant,488,38.76844262295082,41.66188524590164,35.875,2229.40368852459,nan,nan,0.0,0.0
7,video_identity,Video identity,488,33.84426229508197,38.10040983606557,29.58811475409836,1701.924180327869,nan,nan,0.0,0.0
7,video_time,Video--time prior,488,32.307377049180324,31.82172131147541,32.79303278688525,1648.563524590164,0.3557603154904673,0.04748773326754128,0.26776984826864936,0.038384829531375675
7,physiology,Physiological branch,488,31.72438524590164,33.76434426229508,29.684426229508198,1621.8002049180327,0.20693776330357086,-0.02555065110605717,0.054749361508285646,-0.005373734436148113
7,fixed_fusion,Fixed fusion,488,30.996926229508198,31.596311475409838,30.397540983606557,1529.8719262295083,0.3547834271196272,0.04668902138915124,0.26813263392901654,0.04016170998181241
8,global_constant,Global constant,428,51.967289719626166,56.9088785046729,47.02570093457944,3428.5817757009345,nan,nan,0.0,0.0
8,video_identity,Video identity,428,34.191588785046726,23.69859813084112,44.68457943925234,1970.8738317757009,nan,nan,0.0,0.0
8,video_time,Video--time prior,428,32.66822429906542,20.731308411214954,44.60514018691589,1953.161214953271,0.4109743401877906,-0.02239897749735798,0.34028403119226613,-0.010302871506561954
8,physiology,Physiological branch,428,45.592289719626166,47.679906542056074,43.504672897196265,2727.1343457943926,0.057625578315053064,0.4364660506605794,0.009182890152272995,0.10040779026151887
8,fixed_fusion,Fixed fusion,428,32.47196261682243,20.567757009345794,44.376168224299064,1924.8691588785048,0.4115097022339902,-0.003903229891196714,0.3406145905688775,-0.001676970933821918
9,global_constant,Global constant,280,44.04642857142857,49.56785714285714,38.525,2837.3214285714284,nan,nan,0.0,0.0
9,video_identity,Video identity,280,28.978571428571428,27.310714285714287,30.646428571428572,1459.9535714285714,nan,nan,0.0,0.0
9,video_time,Video--time prior,280,12.007142857142858,8.817857142857143,15.196428571428571,294.29285714285714,0.9191768026408128,0.8384696064628889,0.9134044176662878,0.8246700641502681
9,physiology,Physiological branch,280,47.392857142857146,56.114285714285714,38.67142857142857,3303.510714285714,-0.06405771335725667,-0.11865212674110613,-0.010137745367648738,-0.03860121199671823
9,fixed_fusion,Fixed fusion,280,11.714285714285714,8.685714285714285,14.742857142857142,286.96785714285716,0.9194449800090296,0.8328989987197213,0.9128839970308864,0.8164719011181526
10,global_constant,Global constant,240,28.485416666666666,31.591666666666665,25.379166666666666,1373.94375,nan,nan,0.0,0.0
10,video_identity,Video identity,240,28.510416666666668,31.725,25.295833333333334,1401.8520833333334,nan,nan,0.0,0.0
10,video_time,Video--time prior,240,24.722916666666666,30.616666666666667,18.829166666666666,1149.84375,0.265834076701847,0.3547865211519866,0.0437918083740625,0.31637739558093825
10,physiology,Physiological branch,240,29.408333333333335,28.575,30.241666666666667,1438.4125,0.1257934584573708,-0.39041905167290575,0.04433074874626121,-0.1274841875856103
10,fixed_fusion,Fixed fusion,240,24.98125,30.608333333333334,19.354166666666668,1153.3395833333334,0.26623947352346267,0.33911872688866684,0.043941400203160626,0.2861948007518318
11,global_constant,Global constant,244,59.25819672131148,64.64754098360656,53.868852459016395,5473.040983606557,nan,nan,0.0,0.0
11,video_identity,Video identity,244,41.61065573770492,46.58196721311475,36.63934426229508,2199.5,nan,nan,0.0,0.0
11,video_time,Video--time prior,244,35.385245901639344,39.09016393442623,31.68032786885246,1734.3811475409836,0.3999961821138789,0.47732900235694886,0.33056568887037935,0.35698614548723545
11,physiology,Physiological branch,244,60.12909836065574,66.52049180327869,53.73770491803279,5478.116803278688,0.73596338014562,-0.5437421379800444,0.06624916044167213,-0.051894150251920984
11,fixed_fusion,Fixed fusion,244,35.682377049180324,39.00409836065574,32.36065573770492,1767.7602459016393,0.4020353993007701,0.46274207162930325,0.33286326889665246,0.3159980963333933
12,global_constant,Global constant,252,24.853174603174605,27.317460317460316,22.38888888888889,1332.015873015873,nan,nan,0.0,0.0
12,video_identity,Video identity,252,24.313492063492063,26.238095238095237,22.38888888888889,1394.3333333333333,nan,nan,0.0,0.0
12,video_time,Video--time prior,252,24.313492063492063,26.238095238095237,22.38888888888889,1333.9801587301588,nan,0.20348320911595116,0.0,0.04338572653413512
12,physiology,Physiological branch,252,26.5,28.32936507936508,24.67063492063492,1345.2777777777778,-0.06651834670189177,0.05550920116970094,-0.012629554756048907,0.009260836986546605
12,fixed_fusion,Fixed fusion,252,24.3234126984127,26.238095238095237,22.408730158730158,1340.1170634920634,nan,0.19681738168689225,0.0,0.038275921240593105
13,global_constant,Global constant,444,39.05968468468468,45.3536036036036,32.765765765765764,2122.384009009009,nan,nan,0.0,0.0
13,video_identity,Video identity,444,27.881756756756758,35.457207207207205,20.306306306306308,1285.6813063063064,nan,nan,0.0,0.0
13,video_time,Video--time prior,444,17.120495495495497,17.97072072072072,16.27027027027027,476.06644144144144,0.8240251839254369,0.545044661548814,0.7596618827001379,0.5112082493990959
13,physiology,Physiological branch,444,42.247747747747745,48.799549549549546,35.695945945945944,2575.310810810811,-0.3590921430900847,-0.4367295821559488,-0.04604151430663065,-0.0660303887285771
13,fixed_fusion,Fixed fusion,444,17.28490990990991,17.646396396396398,16.923423423423422,476.4740990990991,0.8235640747717652,0.5354381389517328,0.7647385362018654,0.4747207866065521
14,global_constant,Global constant,412,46.53033980582524,43.359223300970875,49.70145631067961,2812.9429611650485,nan,nan,0.0,0.0
14,video_identity,Video identity,412,38.97208737864078,27.868932038834952,50.0752427184466,2329.234223300971,nan,nan,0.0,0.0
14,video_time,Video--time prior,412,37.637135922330096,24.325242718446603,50.949029126213595,2404.375,0.35503232649800004,-0.07650658843957503,0.3445337717262053,-0.04302416505716194
14,physiology,Physiological branch,412,41.15655339805825,37.970873786407765,44.342233009708735,2183.4211165048546,0.5241225132749378,0.7027603169187473,0.14815606364230266,0.24683783846897592
14,fixed_fusion,Fixed fusion,412,37.13956310679612,24.067961165048544,50.21116504854369,2286.9332524271845,0.35665598711200064,-0.0420207551900386,0.3474003595852084,-0.022372966789387716
15,global_constant,Global constant,680,43.50514705882353,46.90882352941176,40.101470588235294,2462.024264705882,nan,nan,0.0,0.0
15,video_identity,Video identity,680,24.02720588235294,29.04705882352941,19.00735294117647,1184.958088235294,nan,nan,0.0,0.0
15,video_time,Video--time prior,680,21.10808823529412,25.523529411764706,16.69264705882353,956.4242647058824,0.2616793953908427,0.4973254455600529,0.20225298308450831,0.46404765516558055
15,physiology,Physiological branch,680,36.55441176470588,38.65735294117647,34.451470588235296,1766.8073529411765,0.5594689592421807,0.24947055297881301,0.10634147417403671,0.035283110543087366
15,fixed_fusion,Fixed fusion,680,20.373529411764707,25.13529411764706,15.611764705882353,917.5455882352941,0.26395235622837254,0.5009654281815075,0.20517089100260977,0.47253841702570043
